1	1	1	1	1	1	1	1	1	1	1	1	1	1	1	1	1	1	1	1	1	1	1	1	1	1	1	1	1	1	1	1	1	1	1	1	1	1	1	1	1	1	1	1	1	1	1	1	1	1	1	1	1	1	1	1	1	1	1	1	1	1	1	1	1	1	1	1	1	1	1	1	1	1	1	1	1	1	1	1	1	1	1	1	1	1	1	1	1	1	1	1	1	1	1	1	1	1	1	1
0	0.990146	0.999857	0.999997	1	1	1	1	1	1	1	1	1	1	1	1	1	1	1	1	1	1	1	1	1	1	1	1	1	1	1	1	1	1	1	1	1	1	1	1	1	1	1	1	1	1	1	1	1	1	1	1	1	1	1	1	1	1	1	1	1	1	1	1	1	1	1	1	1	1	1	1	1	1	1	1	1	1	1	1	1	1	1	1	1	1	1	1	1	1	1	1	1	1	1	1	1	1	1	1
0	0.980389	0.999619	0.999992	1	1	1	1	1	1	1	1	1	1	1	1	1	1	1	1	1	1	1	1	1	1	1	1	1	1	1	1	1	1	1	1	1	1	1	1	1	1	1	1	1	1	1	1	1	1	1	1	1	1	1	1	1	1	1	1	1	1	1	1	1	1	1	1	1	1	1	1	1	1	1	1	1	1	1	1	1	1	1	1	1	1	1	1	1	1	1	1	1	1	1	1	1	1	1	1
0	0.970729	0.999289	0.999983	1	1	1	1	1	1	1	1	1	1	1	1	1	1	1	1	1	1	1	1	1	1	1	1	1	1	1	1	1	1	1	1	1	1	1	1	1	1	1	1	1	1	1	1	1	1	1	1	1	1	1	1	1	1	1	1	1	1	1	1	1	1	1	1	1	1	1	1	1	1	1	1	1	1	1	1	1	1	1	1	1	1	1	1	1	1	1	1	1	1	1	1	1	1	1	1
0	0.961163	0.998869	0.999969	0.999999	1	1	1	1	1	1	1	1	1	1	1	1	1	1	1	1	1	1	1	1	1	1	1	1	1	1	1	1	1	1	1	1	1	1	1	1	1	1	1	1	1	1	1	1	1	1	1	1	1	1	1	1	1	1	1	1	1	1	1	1	1	1	1	1	1	1	1	1	1	1	1	1	1	1	1	1	1	1	1	1	1	1	1	1	1	1	1	1	1	1	1	1	1	1	1
0	0.951692	0.998359	0.99995	0.999999	1	1	1	1	1	1	1	1	1	1	1	1	1	1	1	1	1	1	1	1	1	1	1	1	1	1	1	1	1	1	1	1	1	1	1	1	1	1	1	1	1	1	1	1	1	1	1	1	1	1	1	1	1	1	1	1	1	1	1	1	1	1	1	1	1	1	1	1	1	1	1	1	1	1	1	1	1	1	1	1	1	1	1	1	1	1	1	1	1	1	1	1	1	1	1
0	0.942314	0.997763	0.999925	0.999998	1	1	1	1	1	1	1	1	1	1	1	1	1	1	1	1	1	1	1	1	1	1	1	1	1	1	1	1	1	1	1	1	1	1	1	1	1	1	1	1	1	1	1	1	1	1	1	1	1	1	1	1	1	1	1	1	1	1	1	1	1	1	1	1	1	1	1	1	1	1	1	1	1	1	1	1	1	1	1	1	1	1	1	1	1	1	1	1	1	1	1	1	1	1	1
0	0.933029	0.997082	0.999893	0.999996	1	1	1	1	1	1	1	1	1	1	1	1	1	1	1	1	1	1	1	1	1	1	1	1	1	1	1	1	1	1	1	1	1	1	1	1	1	1	1	1	1	1	1	1	1	1	1	1	1	1	1	1	1	1	1	1	1	1	1	1	1	1	1	1	1	1	1	1	1	1	1	1	1	1	1	1	1	1	1	1	1	1	1	1	1	1	1	1	1	1	1	1	1	1	1
0	0.923835	0.996317	0.999854	0.999995	1	1	1	1	1	1	1	1	1	1	1	1	1	1	1	1	1	1	1	1	1	1	1	1	1	1	1	1	1	1	1	1	1	1	1	1	1	1	1	1	1	1	1	1	1	1	1	1	1	1	1	1	1	1	1	1	1	1	1	1	1	1	1	1	1	1	1	1	1	1	1	1	1	1	1	1	1	1	1	1	1	1	1	1	1	1	1	1	1	1	1	1	1	1	1
0	0.914731	0.99547	0.999806	0.999993	1	1	1	1	1	1	1	1	1	1	1	1	1	1	1	1	1	1	1	1	1	1	1	1	1	1	1	1	1	1	1	1	1	1	1	1	1	1	1	1	1	1	1	1	1	1	1	1	1	1	1	1	1	1	1	1	1	1	1	1	1	1	1	1	1	1	1	1	1	1	1	1	1	1	1	1	1	1	1	1	1	1	1	1	1	1	1	1	1	1	1	1	1	1	1
0	0.905718	0.994544	0.999749	0.99999	1	1	1	1	1	1	1	1	1	1	1	1	1	1	1	1	1	1	1	1	1	1	1	1	1	1	1	1	1	1	1	1	1	1	1	1	1	1	1	1	1	1	1	1	1	1	1	1	1	1	1	1	1	1	1	1	1	1	1	1	1	1	1	1	1	1	1	1	1	1	1	1	1	1	1	1	1	1	1	1	1	1	1	1	1	1	1	1	1	1	1	1	1	1	1
0	0.896793	0.993538	0.999683	0.999986	0.999999	1	1	1	1	1	1	1	1	1	1	1	1	1	1	1	1	1	1	1	1	1	1	1	1	1	1	1	1	1	1	1	1	1	1	1	1	1	1	1	1	1	1	1	1	1	1	1	1	1	1	1	1	1	1	1	1	1	1	1	1	1	1	1	1	1	1	1	1	1	1	1	1	1	1	1	1	1	1	1	1	1	1	1	1	1	1	1	1	1	1	1	1	1	1
0	0.887956	0.992457	0.999606	0.999982	0.999999	1	1	1	1	1	1	1	1	1	1	1	1	1	1	1	1	1	1	1	1	1	1	1	1	1	1	1	1	1	1	1	1	1	1	1	1	1	1	1	1	1	1	1	1	1	1	1	1	1	1	1	1	1	1	1	1	1	1	1	1	1	1	1	1	1	1	1	1	1	1	1	1	1	1	1	1	1	1	1	1	1	1	1	1	1	1	1	1	1	1	1	1	1	1
0	0.879206	0.9913	0.999518	0.999977	0.999999	1	1	1	1	1	1	1	1	1	1	1	1	1	1	1	1	1	1	1	1	1	1	1	1	1	1	1	1	1	1	1	1	1	1	1	1	1	1	1	1	1	1	1	1	1	1	1	1	1	1	1	1	1	1	1	1	1	1	1	1	1	1	1	1	1	1	1	1	1	1	1	1	1	1	1	1	1	1	1	1	1	1	1	1	1	1	1	1	1	1	1	1	1	1
0	0.870543	0.990069	0.999419	0.999971	0.999999	1	1	1	1	1	1	1	1	1	1	1	1	1	1	1	1	1	1	1	1	1	1	1	1	1	1	1	1	1	1	1	1	1	1	1	1	1	1	1	1	1	1	1	1	1	1	1	1	1	1	1	1	1	1	1	1	1	1	1	1	1	1	1	1	1	1	1	1	1	1	1	1	1	1	1	1	1	1	1	1	1	1	1	1	1	1	1	1	1	1	1	1	1	1
0	0.861964	0.988767	0.999307	0.999964	0.999998	1	1	1	1	1	1	1	1	1	1	1	1	1	1	1	1	1	1	1	1	1	1	1	1	1	1	1	1	1	1	1	1	1	1	1	1	1	1	1	1	1	1	1	1	1	1	1	1	1	1	1	1	1	1	1	1	1	1	1	1	1	1	1	1	1	1	1	1	1	1	1	1	1	1	1	1	1	1	1	1	1	1	1	1	1	1	1	1	1	1	1	1	1	1
0	0.853471	0.987394	0.999182	0.999956	0.999998	1	1	1	1	1	1	1	1	1	1	1	1	1	1	1	1	1	1	1	1	1	1	1	1	1	1	1	1	1	1	1	1	1	1	1	1	1	1	1	1	1	1	1	1	1	1	1	1	1	1	1	1	1	1	1	1	1	1	1	1	1	1	1	1	1	1	1	1	1	1	1	1	1	1	1	1	1	1	1	1	1	1	1	1	1	1	1	1	1	1	1	1	1	1
0	0.845061	0.985952	0.999045	0.999946	0.999997	1	1	1	1	1	1	1	1	1	1	1	1	1	1	1	1	1	1	1	1	1	1	1	1	1	1	1	1	1	1	1	1	1	1	1	1	1	1	1	1	1	1	1	1	1	1	1	1	1	1	1	1	1	1	1	1	1	1	1	1	1	1	1	1	1	1	1	1	1	1	1	1	1	1	1	1	1	1	1	1	1	1	1	1	1	1	1	1	1	1	1	1	1	1
0	0.836734	0.984442	0.998893	0.999935	0.999997	1	1	1	1	1	1	1	1	1	1	1	1	1	1	1	1	1	1	1	1	1	1	1	1	1	1	1	1	1	1	1	1	1	1	1	1	1	1	1	1	1	1	1	1	1	1	1	1	1	1	1	1	1	1	1	1	1	1	1	1	1	1	1	1	1	1	1	1	1	1	1	1	1	1	1	1	1	1	1	1	1	1	1	1	1	1	1	1	1	1	1	1	1	1
0	0.828489	0.982867	0.998727	0.999922	0.999996	1	1	1	1	1	1	1	1	1	1	1	1	1	1	1	1	1	1	1	1	1	1	1	1	1	1	1	1	1	1	1	1	1	1	1	1	1	1	1	1	1	1	1	1	1	1	1	1	1	1	1	1	1	1	1	1	1	1	1	1	1	1	1	1	1	1	1	1	1	1	1	1	1	1	1	1	1	1	1	1	1	1	1	1	1	1	1	1	1	1	1	1	1	1
0	0.820325	0.981227	0.998547	0.999907	0.999995	1	1	1	1	1	1	1	1	1	1	1	1	1	1	1	1	1	1	1	1	1	1	1	1	1	1	1	1	1	1	1	1	1	1	1	1	1	1	1	1	1	1	1	1	1	1	1	1	1	1	1	1	1	1	1	1	1	1	1	1	1	1	1	1	1	1	1	1	1	1	1	1	1	1	1	1	1	1	1	1	1	1	1	1	1	1	1	1	1	1	1	1	1	1
0	0.812241	0.979524	0.998351	0.999891	0.999994	1	1	1	1	1	1	1	1	1	1	1	1	1	1	1	1	1	1	1	1	1	1	1	1	1	1	1	1	1	1	1	1	1	1	1	1	1	1	1	1	1	1	1	1	1	1	1	1	1	1	1	1	1	1	1	1	1	1	1	1	1	1	1	1	1	1	1	1	1	1	1	1	1	1	1	1	1	1	1	1	1	1	1	1	1	1	1	1	1	1	1	1	1	1
0	0.804238	0.977759	0.998139	0.999873	0.999992	1	1	1	1	1	1	1	1	1	1	1	1	1	1	1	1	1	1	1	1	1	1	1	1	1	1	1	1	1	1	1	1	1	1	1	1	1	1	1	1	1	1	1	1	1	1	1	1	1	1	1	1	1	1	1	1	1	1	1	1	1	1	1	1	1	1	1	1	1	1	1	1	1	1	1	1	1	1	1	1	1	1	1	1	1	1	1	1	1	1	1	1	1	1
0	0.796313	0.975934	0.997911	0.999852	0.999991	0.999999	1	1	1	1	1	1	1	1	1	1	1	1	1	1	1	1	1	1	1	1	1	1	1	1	1	1	1	1	1	1	1	1	1	1	1	1	1	1	1	1	1	1	1	1	1	1	1	1	1	1	1	1	1	1	1	1	1	1	1	1	1	1	1	1	1	1	1	1	1	1	1	1	1	1	1	1	1	1	1	1	1	1	1	1	1	1	1	1	1	1	1	1	1
0	0.788466	0.97405	0.997667	0.999829	0.999989	0.999999	1	1	1	1	1	1	1	1	1	1	1	1	1	1	1	1	1	1	1	1	1	1	1	1	1	1	1	1	1	1	1	1	1	1	1	1	1	1	1	1	1	1	1	1	1	1	1	1	1	1	1	1	1	1	1	1	1	1	1	1	1	1	1	1	1	1	1	1	1	1	1	1	1	1	1	1	1	1	1	1	1	1	1	1	1	1	1	1	1	1	1	1	1
0	0.780696	0.972108	0.997405	0.999804	0.999987	0.999999	1	1	1	1	1	1	1	1	1	1	1	1	1	1	1	1	1	1	1	1	1	1	1	1	1	1	1	1	1	1	1	1	1	1	1	1	1	1	1	1	1	1	1	1	1	1	1	1	1	1	1	1	1	1	1	1	1	1	1	1	1	1	1	1	1	1	1	1	1	1	1	1	1	1	1	1	1	1	1	1	1	1	1	1	1	1	1	1	1	1	1	1	1
0	0.773004	0.97011	0.997126	0.999776	0.999985	0.999999	1	1	1	1	1	1	1	1	1	1	1	1	1	1	1	1	1	1	1	1	1	1	1	1	1	1	1	1	1	1	1	1	1	1	1	1	1	1	1	1	1	1	1	1	1	1	1	1	1	1	1	1	1	1	1	1	1	1	1	1	1	1	1	1	1	1	1	1	1	1	1	1	1	1	1	1	1	1	1	1	1	1	1	1	1	1	1	1	1	1	1	1	1
0	0.765387	0.968057	0.99683	0.999746	0.999982	0.999999	1	1	1	1	1	1	1	1	1	1	1	1	1	1	1	1	1	1	1	1	1	1	1	1	1	1	1	1	1	1	1	1	1	1	1	1	1	1	1	1	1	1	1	1	1	1	1	1	1	1	1	1	1	1	1	1	1	1	1	1	1	1	1	1	1	1	1	1	1	1	1	1	1	1	1	1	1	1	1	1	1	1	1	1	1	1	1	1	1	1	1	1	1
0	0.757844	0.96595	0.996515	0.999712	0.99998	0.999999	1	1	1	1	1	1	1	1	1	1	1	1	1	1	1	1	1	1	1	1	1	1	1	1	1	1	1	1	1	1	1	1	1	1	1	1	1	1	1	1	1	1	1	1	1	1	1	1	1	1	1	1	1	1	1	1	1	1	1	1	1	1	1	1	1	1	1	1	1	1	1	1	1	1	1	1	1	1	1	1	1	1	1	1	1	1	1	1	1	1	1	1	1
0	0.750377	0.963791	0.996182	0.999676	0.999976	0.999998	1	1	1	1	1	1	1	1	1	1	1	1	1	1	1	1	1	1	1	1	1	1	1	1	1	1	1	1	1	1	1	1	1	1	1	1	1	1	1	1	1	1	1	1	1	1	1	1	1	1	1	1	1	1	1	1	1	1	1	1	1	1	1	1	1	1	1	1	1	1	1	1	1	1	1	1	1	1	1	1	1	1	1	1	1	1	1	1	1	1	1	1	1
0	0.742983	0.96158	0.99583	0.999636	0.999973	0.999998	1	1	1	1	1	1	1	1	1	1	1	1	1	1	1	1	1	1	1	1	1	1	1	1	1	1	1	1	1	1	1	1	1	1	1	1	1	1	1	1	1	1	1	1	1	1	1	1	1	1	1	1	1	1	1	1	1	1	1	1	1	1	1	1	1	1	1	1	1	1	1	1	1	1	1	1	1	1	1	1	1	1	1	1	1	1	1	1	1	1	1	1	1
0	0.735661	0.95932	0.995459	0.999593	0.999969	0.999998	1	1	1	1	1	1	1	1	1	1	1	1	1	1	1	1	1	1	1	1	1	1	1	1	1	1	1	1	1	1	1	1	1	1	1	1	1	1	1	1	1	1	1	1	1	1	1	1	1	1	1	1	1	1	1	1	1	1	1	1	1	1	1	1	1	1	1	1	1	1	1	1	1	1	1	1	1	1	1	1	1	1	1	1	1	1	1	1	1	1	1	1	1
0	0.728412	0.957011	0.995069	0.999546	0.999964	0.999998	1	1	1	1	1	1	1	1	1	1	1	1	1	1	1	1	1	1	1	1	1	1	1	1	1	1	1	1	1	1	1	1	1	1	1	1	1	1	1	1	1	1	1	1	1	1	1	1	1	1	1	1	1	1	1	1	1	1	1	1	1	1	1	1	1	1	1	1	1	1	1	1	1	1	1	1	1	1	1	1	1	1	1	1	1	1	1	1	1	1	1	1	1
0	0.721235	0.954654	0.994659	0.999496	0.99996	0.999997	1	1	1	1	1	1	1	1	1	1	1	1	1	1	1	1	1	1	1	1	1	1	1	1	1	1	1	1	1	1	1	1	1	1	1	1	1	1	1	1	1	1	1	1	1	1	1	1	1	1	1	1	1	1	1	1	1	1	1	1	1	1	1	1	1	1	1	1	1	1	1	1	1	1	1	1	1	1	1	1	1	1	1	1	1	1	1	1	1	1	1	1	1
0	0.714128	0.95225	0.99423	0.999442	0.999954	0.999997	1	1	1	1	1	1	1	1	1	1	1	1	1	1	1	1	1	1	1	1	1	1	1	1	1	1	1	1	1	1	1	1	1	1	1	1	1	1	1	1	1	1	1	1	1	1	1	1	1	1	1	1	1	1	1	1	1	1	1	1	1	1	1	1	1	1	1	1	1	1	1	1	1	1	1	1	1	1	1	1	1	1	1	1	1	1	1	1	1	1	1	1	1
0	0.707091	0.949801	0.99378	0.999384	0.999948	0.999996	1	1	1	1	1	1	1	1	1	1	1	1	1	1	1	1	1	1	1	1	1	1	1	1	1	1	1	1	1	1	1	1	1	1	1	1	1	1	1	1	1	1	1	1	1	1	1	1	1	1	1	1	1	1	1	1	1	1	1	1	1	1	1	1	1	1	1	1	1	1	1	1	1	1	1	1	1	1	1	1	1	1	1	1	1	1	1	1	1	1	1	1	1
0	0.700123	0.947309	0.99331	0.999322	0.999942	0.999996	1	1	1	1	1	1	1	1	1	1	1	1	1	1	1	1	1	1	1	1	1	1	1	1	1	1	1	1	1	1	1	1	1	1	1	1	1	1	1	1	1	1	1	1	1	1	1	1	1	1	1	1	1	1	1	1	1	1	1	1	1	1	1	1	1	1	1	1	1	1	1	1	1	1	1	1	1	1	1	1	1	1	1	1	1	1	1	1	1	1	1	1	1
0	0.693224	0.944772	0.992819	0.999255	0.999935	0.999995	1	1	1	1	1	1	1	1	1	1	1	1	1	1	1	1	1	1	1	1	1	1	1	1	1	1	1	1	1	1	1	1	1	1	1	1	1	1	1	1	1	1	1	1	1	1	1	1	1	1	1	1	1	1	1	1	1	1	1	1	1	1	1	1	1	1	1	1	1	1	1	1	1	1	1	1	1	1	1	1	1	1	1	1	1	1	1	1	1	1	1	1	1
0	0.686393	0.942194	0.992308	0.999184	0.999927	0.999994	1	1	1	1	1	1	1	1	1	1	1	1	1	1	1	1	1	1	1	1	1	1	1	1	1	1	1	1	1	1	1	1	1	1	1	1	1	1	1	1	1	1	1	1	1	1	1	1	1	1	1	1	1	1	1	1	1	1	1	1	1	1	1	1	1	1	1	1	1	1	1	1	1	1	1	1	1	1	1	1	1	1	1	1	1	1	1	1	1	1	1	1	1
0	0.67963	0.939575	0.991775	0.999108	0.999918	0.999993	1	1	1	1	1	1	1	1	1	1	1	1	1	1	1	1	1	1	1	1	1	1	1	1	1	1	1	1	1	1	1	1	1	1	1	1	1	1	1	1	1	1	1	1	1	1	1	1	1	1	1	1	1	1	1	1	1	1	1	1	1	1	1	1	1	1	1	1	1	1	1	1	1	1	1	1	1	1	1	1	1	1	1	1	1	1	1	1	1	1	1	1	1
0	0.672933	0.936917	0.991222	0.999028	0.999909	0.999993	0.999999	1	1	1	1	1	1	1	1	1	1	1	1	1	1	1	1	1	1	1	1	1	1	1	1	1	1	1	1	1	1	1	1	1	1	1	1	1	1	1	1	1	1	1	1	1	1	1	1	1	1	1	1	1	1	1	1	1	1	1	1	1	1	1	1	1	1	1	1	1	1	1	1	1	1	1	1	1	1	1	1	1	1	1	1	1	1	1	1	1	1	1	1
0	0.666302	0.934219	0.990647	0.998942	0.999899	0.999992	0.999999	1	1	1	1	1	1	1	1	1	1	1	1	1	1	1	1	1	1	1	1	1	1	1	1	1	1	1	1	1	1	1	1	1	1	1	1	1	1	1	1	1	1	1	1	1	1	1	1	1	1	1	1	1	1	1	1	1	1	1	1	1	1	1	1	1	1	1	1	1	1	1	1	1	1	1	1	1	1	1	1	1	1	1	1	1	1	1	1	1	1	1	1
0	0.659736	0.931483	0.990051	0.998852	0.999888	0.999991	0.999999	1	1	1	1	1	1	1	1	1	1	1	1	1	1	1	1	1	1	1	1	1	1	1	1	1	1	1	1	1	1	1	1	1	1	1	1	1	1	1	1	1	1	1	1	1	1	1	1	1	1	1	1	1	1	1	1	1	1	1	1	1	1	1	1	1	1	1	1	1	1	1	1	1	1	1	1	1	1	1	1	1	1	1	1	1	1	1	1	1	1	1	1
0	0.653235	0.928711	0.989433	0.998756	0.999877	0.999989	0.999999	1	1	1	1	1	1	1	1	1	1	1	1	1	1	1	1	1	1	1	1	1	1	1	1	1	1	1	1	1	1	1	1	1	1	1	1	1	1	1	1	1	1	1	1	1	1	1	1	1	1	1	1	1	1	1	1	1	1	1	1	1	1	1	1	1	1	1	1	1	1	1	1	1	1	1	1	1	1	1	1	1	1	1	1	1	1	1	1	1	1	1	1
0	0.646798	0.925903	0.988793	0.998654	0.999864	0.999988	0.999999	1	1	1	1	1	1	1	1	1	1	1	1	1	1	1	1	1	1	1	1	1	1	1	1	1	1	1	1	1	1	1	1	1	1	1	1	1	1	1	1	1	1	1	1	1	1	1	1	1	1	1	1	1	1	1	1	1	1	1	1	1	1	1	1	1	1	1	1	1	1	1	1	1	1	1	1	1	1	1	1	1	1	1	1	1	1	1	1	1	1	1	1
0	0.640425	0.92306	0.988132	0.998547	0.999851	0.999987	0.999999	1	1	1	1	1	1	1	1	1	1	1	1	1	1	1	1	1	1	1	1	1	1	1	1	1	1	1	1	1	1	1	1	1	1	1	1	1	1	1	1	1	1	1	1	1	1	1	1	1	1	1	1	1	1	1	1	1	1	1	1	1	1	1	1	1	1	1	1	1	1	1	1	1	1	1	1	1	1	1	1	1	1	1	1	1	1	1	1	1	1	1	1
0	0.634114	0.920183	0.987448	0.998435	0.999836	0.999985	0.999999	1	1	1	1	1	1	1	1	1	1	1	1	1	1	1	1	1	1	1	1	1	1	1	1	1	1	1	1	1	1	1	1	1	1	1	1	1	1	1	1	1	1	1	1	1	1	1	1	1	1	1	1	1	1	1	1	1	1	1	1	1	1	1	1	1	1	1	1	1	1	1	1	1	1	1	1	1	1	1	1	1	1	1	1	1	1	1	1	1	1	1	1
0	0.627865	0.917273	0.986743	0.998316	0.999821	0.999983	0.999999	1	1	1	1	1	1	1	1	1	1	1	1	1	1	1	1	1	1	1	1	1	1	1	1	1	1	1	1	1	1	1	1	1	1	1	1	1	1	1	1	1	1	1	1	1	1	1	1	1	1	1	1	1	1	1	1	1	1	1	1	1	1	1	1	1	1	1	1	1	1	1	1	1	1	1	1	1	1	1	1	1	1	1	1	1	1	1	1	1	1	1	1
0	0.621679	0.914332	0.986015	0.998191	0.999804	0.999982	0.999998	1	1	1	1	1	1	1	1	1	1	1	1	1	1	1	1	1	1	1	1	1	1	1	1	1	1	1	1	1	1	1	1	1	1	1	1	1	1	1	1	1	1	1	1	1	1	1	1	1	1	1	1	1	1	1	1	1	1	1	1	1	1	1	1	1	1	1	1	1	1	1	1	1	1	1	1	1	1	1	1	1	1	1	1	1	1	1	1	1	1	1	1
0	0.615553	0.911359	0.985265	0.99806	0.999786	0.999979	0.999998	1	1	1	1	1	1	1	1	1	1	1	1	1	1	1	1	1	1	1	1	1	1	1	1	1	1	1	1	1	1	1	1	1	1	1	1	1	1	1	1	1	1	1	1	1	1	1	1	1	1	1	1	1	1	1	1	1	1	1	1	1	1	1	1	1	1	1	1	1	1	1	1	1	1	1	1	1	1	1	1	1	1	1	1	1	1	1	1	1	1	1	1
0	0.609487	0.908356	0.984493	0.997923	0.999767	0.999977	0.999998	1	1	1	1	1	1	1	1	1	1	1	1	1	1	1	1	1	1	1	1	1	1	1	1	1	1	1	1	1	1	1	1	1	1	1	1	1	1	1	1	1	1	1	1	1	1	1	1	1	1	1	1	1	1	1	1	1	1	1	1	1	1	1	1	1	1	1	1	1	1	1	1	1	1	1	1	1	1	1	1	1	1	1	1	1	1	1	1	1	1	1	1
0	0.603481	0.905323	0.983698	0.997778	0.999747	0.999975	0.999998	1	1	1	1	1	1	1	1	1	1	1	1	1	1	1	1	1	1	1	1	1	1	1	1	1	1	1	1	1	1	1	1	1	1	1	1	1	1	1	1	1	1	1	1	1	1	1	1	1	1	1	1	1	1	1	1	1	1	1	1	1	1	1	1	1	1	1	1	1	1	1	1	1	1	1	1	1	1	1	1	1	1	1	1	1	1	1	1	1	1	1	1
0	0.597535	0.902263	0.982881	0.997628	0.999725	0.999972	0.999998	1	1	1	1	1	1	1	1	1	1	1	1	1	1	1	1	1	1	1	1	1	1	1	1	1	1	1	1	1	1	1	1	1	1	1	1	1	1	1	1	1	1	1	1	1	1	1	1	1	1	1	1	1	1	1	1	1	1	1	1	1	1	1	1	1	1	1	1	1	1	1	1	1	1	1	1	1	1	1	1	1	1	1	1	1	1	1	1	1	1	1	1
0	0.591647	0.899174	0.982041	0.99747	0.999702	0.99997	0.999997	1	1	1	1	1	1	1	1	1	1	1	1	1	1	1	1	1	1	1	1	1	1	1	1	1	1	1	1	1	1	1	1	1	1	1	1	1	1	1	1	1	1	1	1	1	1	1	1	1	1	1	1	1	1	1	1	1	1	1	1	1	1	1	1	1	1	1	1	1	1	1	1	1	1	1	1	1	1	1	1	1	1	1	1	1	1	1	1	1	1	1	1
0	0.585816	0.896059	0.981179	0.997305	0.999678	0.999967	0.999997	1	1	1	1	1	1	1	1	1	1	1	1	1	1	1	1	1	1	1	1	1	1	1	1	1	1	1	1	1	1	1	1	1	1	1	1	1	1	1	1	1	1	1	1	1	1	1	1	1	1	1	1	1	1	1	1	1	1	1	1	1	1	1	1	1	1	1	1	1	1	1	1	1	1	1	1	1	1	1	1	1	1	1	1	1	1	1	1	1	1	1	1
0	0.580044	0.892918	0.980294	0.997133	0.999652	0.999963	0.999997	1	1	1	1	1	1	1	1	1	1	1	1	1	1	1	1	1	1	1	1	1	1	1	1	1	1	1	1	1	1	1	1	1	1	1	1	1	1	1	1	1	1	1	1	1	1	1	1	1	1	1	1	1	1	1	1	1	1	1	1	1	1	1	1	1	1	1	1	1	1	1	1	1	1	1	1	1	1	1	1	1	1	1	1	1	1	1	1	1	1	1	1
0	0.574328	0.889752	0.979386	0.996954	0.999624	0.99996	0.999996	1	1	1	1	1	1	1	1	1	1	1	1	1	1	1	1	1	1	1	1	1	1	1	1	1	1	1	1	1	1	1	1	1	1	1	1	1	1	1	1	1	1	1	1	1	1	1	1	1	1	1	1	1	1	1	1	1	1	1	1	1	1	1	1	1	1	1	1	1	1	1	1	1	1	1	1	1	1	1	1	1	1	1	1	1	1	1	1	1	1	1	1
0	0.568669	0.886561	0.978456	0.996767	0.999595	0.999956	0.999996	1	1	1	1	1	1	1	1	1	1	1	1	1	1	1	1	1	1	1	1	1	1	1	1	1	1	1	1	1	1	1	1	1	1	1	1	1	1	1	1	1	1	1	1	1	1	1	1	1	1	1	1	1	1	1	1	1	1	1	1	1	1	1	1	1	1	1	1	1	1	1	1	1	1	1	1	1	1	1	1	1	1	1	1	1	1	1	1	1	1	1	1
0	0.563065	0.883347	0.977504	0.996572	0.999564	0.999952	0.999995	1	1	1	1	1	1	1	1	1	1	1	1	1	1	1	1	1	1	1	1	1	1	1	1	1	1	1	1	1	1	1	1	1	1	1	1	1	1	1	1	1	1	1	1	1	1	1	1	1	1	1	1	1	1	1	1	1	1	1	1	1	1	1	1	1	1	1	1	1	1	1	1	1	1	1	1	1	1	1	1	1	1	1	1	1	1	1	1	1	1	1	1
0	0.557517	0.880111	0.976529	0.99637	0.999532	0.999948	0.999995	1	1	1	1	1	1	1	1	1	1	1	1	1	1	1	1	1	1	1	1	1	1	1	1	1	1	1	1	1	1	1	1	1	1	1	1	1	1	1	1	1	1	1	1	1	1	1	1	1	1	1	1	1	1	1	1	1	1	1	1	1	1	1	1	1	1	1	1	1	1	1	1	1	1	1	1	1	1	1	1	1	1	1	1	1	1	1	1	1	1	1	1
0	0.552023	0.876852	0.975531	0.99616	0.999497	0.999943	0.999994	0.999999	1	1	1	1	1	1	1	1	1	1	1	1	1	1	1	1	1	1	1	1	1	1	1	1	1	1	1	1	1	1	1	1	1	1	1	1	1	1	1	1	1	1	1	1	1	1	1	1	1	1	1	1	1	1	1	1	1	1	1	1	1	1	1	1	1	1	1	1	1	1	1	1	1	1	1	1	1	1	1	1	1	1	1	1	1	1	1	1	1	1	1
0	0.546584	0.873572	0.97451	0.995941	0.999461	0.999938	0.999994	0.999999	1	1	1	1	1	1	1	1	1	1	1	1	1	1	1	1	1	1	1	1	1	1	1	1	1	1	1	1	1	1	1	1	1	1	1	1	1	1	1	1	1	1	1	1	1	1	1	1	1	1	1	1	1	1	1	1	1	1	1	1	1	1	1	1	1	1	1	1	1	1	1	1	1	1	1	1	1	1	1	1	1	1	1	1	1	1	1	1	1	1	1
0	0.541198	0.870272	0.973467	0.995715	0.999423	0.999933	0.999993	0.999999	1	1	1	1	1	1	1	1	1	1	1	1	1	1	1	1	1	1	1	1	1	1	1	1	1	1	1	1	1	1	1	1	1	1	1	1	1	1	1	1	1	1	1	1	1	1	1	1	1	1	1	1	1	1	1	1	1	1	1	1	1	1	1	1	1	1	1	1	1	1	1	1	1	1	1	1	1	1	1	1	1	1	1	1	1	1	1	1	1	1	1
0	0.535865	0.866951	0.972402	0.99548	0.999383	0.999927	0.999992	0.999999	1	1	1	1	1	1	1	1	1	1	1	1	1	1	1	1	1	1	1	1	1	1	1	1	1	1	1	1	1	1	1	1	1	1	1	1	1	1	1	1	1	1	1	1	1	1	1	1	1	1	1	1	1	1	1	1	1	1	1	1	1	1	1	1	1	1	1	1	1	1	1	1	1	1	1	1	1	1	1	1	1	1	1	1	1	1	1	1	1	1	1
0	0.530584	0.863612	0.971314	0.995236	0.999341	0.999921	0.999992	0.999999	1	1	1	1	1	1	1	1	1	1	1	1	1	1	1	1	1	1	1	1	1	1	1	1	1	1	1	1	1	1	1	1	1	1	1	1	1	1	1	1	1	1	1	1	1	1	1	1	1	1	1	1	1	1	1	1	1	1	1	1	1	1	1	1	1	1	1	1	1	1	1	1	1	1	1	1	1	1	1	1	1	1	1	1	1	1	1	1	1	1	1
0	0.525356	0.860255	0.970203	0.994984	0.999297	0.999915	0.999991	0.999999	1	1	1	1	1	1	1	1	1	1	1	1	1	1	1	1	1	1	1	1	1	1	1	1	1	1	1	1	1	1	1	1	1	1	1	1	1	1	1	1	1	1	1	1	1	1	1	1	1	1	1	1	1	1	1	1	1	1	1	1	1	1	1	1	1	1	1	1	1	1	1	1	1	1	1	1	1	1	1	1	1	1	1	1	1	1	1	1	1	1	1
0	0.520179	0.856879	0.96907	0.994723	0.999251	0.999908	0.99999	0.999999	1	1	1	1	1	1	1	1	1	1	1	1	1	1	1	1	1	1	1	1	1	1	1	1	1	1	1	1	1	1	1	1	1	1	1	1	1	1	1	1	1	1	1	1	1	1	1	1	1	1	1	1	1	1	1	1	1	1	1	1	1	1	1	1	1	1	1	1	1	1	1	1	1	1	1	1	1	1	1	1	1	1	1	1	1	1	1	1	1	1	1
0	0.515054	0.853487	0.967915	0.994454	0.999202	0.999901	0.999989	0.999999	1	1	1	1	1	1	1	1	1	1	1	1	1	1	1	1	1	1	1	1	1	1	1	1	1	1	1	1	1	1	1	1	1	1	1	1	1	1	1	1	1	1	1	1	1	1	1	1	1	1	1	1	1	1	1	1	1	1	1	1	1	1	1	1	1	1	1	1	1	1	1	1	1	1	1	1	1	1	1	1	1	1	1	1	1	1	1	1	1	1	1
0	0.509978	0.850078	0.966738	0.994175	0.999151	0.999893	0.999988	0.999999	1	1	1	1	1	1	1	1	1	1	1	1	1	1	1	1	1	1	1	1	1	1	1	1	1	1	1	1	1	1	1	1	1	1	1	1	1	1	1	1	1	1	1	1	1	1	1	1	1	1	1	1	1	1	1	1	1	1	1	1	1	1	1	1	1	1	1	1	1	1	1	1	1	1	1	1	1	1	1	1	1	1	1	1	1	1	1	1	1	1	1
0	0.504953	0.846654	0.965538	0.993887	0.999098	0.999885	0.999987	0.999999	1	1	1	1	1	1	1	1	1	1	1	1	1	1	1	1	1	1	1	1	1	1	1	1	1	1	1	1	1	1	1	1	1	1	1	1	1	1	1	1	1	1	1	1	1	1	1	1	1	1	1	1	1	1	1	1	1	1	1	1	1	1	1	1	1	1	1	1	1	1	1	1	1	1	1	1	1	1	1	1	1	1	1	1	1	1	1	1	1	1	1
0	0.499977	0.843214	0.964316	0.993589	0.999042	0.999877	0.999986	0.999999	1	1	1	1	1	1	1	1	1	1	1	1	1	1	1	1	1	1	1	1	1	1	1	1	1	1	1	1	1	1	1	1	1	1	1	1	1	1	1	1	1	1	1	1	1	1	1	1	1	1	1	1	1	1	1	1	1	1	1	1	1	1	1	1	1	1	1	1	1	1	1	1	1	1	1	1	1	1	1	1	1	1	1	1	1	1	1	1	1	1	1
0	0.495051	0.83976	0.963072	0.993283	0.998984	0.999868	0.999985	0.999998	1	1	1	1	1	1	1	1	1	1	1	1	1	1	1	1	1	1	1	1	1	1	1	1	1	1	1	1	1	1	1	1	1	1	1	1	1	1	1	1	1	1	1	1	1	1	1	1	1	1	1	1	1	1	1	1	1	1	1	1	1	1	1	1	1	1	1	1	1	1	1	1	1	1	1	1	1	1	1	1	1	1	1	1	1	1	1	1	1	1	1
0	0.490172	0.836293	0.961806	0.992966	0.998923	0.999858	0.999983	0.999998	1	1	1	1	1	1	1	1	1	1	1	1	1	1	1	1	1	1	1	1	1	1	1	1	1	1	1	1	1	1	1	1	1	1	1	1	1	1	1	1	1	1	1	1	1	1	1	1	1	1	1	1	1	1	1	1	1	1	1	1	1	1	1	1	1	1	1	1	1	1	1	1	1	1	1	1	1	1	1	1	1	1	1	1	1	1	1	1	1	1	1
0	0.485342	0.832812	0.960519	0.99264	0.998859	0.999848	0.999982	0.999998	1	1	1	1	1	1	1	1	1	1	1	1	1	1	1	1	1	1	1	1	1	1	1	1	1	1	1	1	1	1	1	1	1	1	1	1	1	1	1	1	1	1	1	1	1	1	1	1	1	1	1	1	1	1	1	1	1	1	1	1	1	1	1	1	1	1	1	1	1	1	1	1	1	1	1	1	1	1	1	1	1	1	1	1	1	1	1	1	1	1	1
0	0.48056	0.829318	0.959209	0.992304	0.998793	0.999837	0.999981	0.999998	1	1	1	1	1	1	1	1	1	1	1	1	1	1	1	1	1	1	1	1	1	1	1	1	1	1	1	1	1	1	1	1	1	1	1	1	1	1	1	1	1	1	1	1	1	1	1	1	1	1	1	1	1	1	1	1	1	1	1	1	1	1	1	1	1	1	1	1	1	1	1	1	1	1	1	1	1	1	1	1	1	1	1	1	1	1	1	1	1	1	1
0	0.475824	0.825813	0.957878	0.991959	0.998724	0.999826	0.999979	0.999998	1	1	1	1	1	1	1	1	1	1	1	1	1	1	1	1	1	1	1	1	1	1	1	1	1	1	1	1	1	1	1	1	1	1	1	1	1	1	1	1	1	1	1	1	1	1	1	1	1	1	1	1	1	1	1	1	1	1	1	1	1	1	1	1	1	1	1	1	1	1	1	1	1	1	1	1	1	1	1	1	1	1	1	1	1	1	1	1	1	1	1
0	0.471136	0.822296	0.956525	0.991603	0.998652	0.999814	0.999977	0.999998	1	1	1	1	1	1	1	1	1	1	1	1	1	1	1	1	1	1	1	1	1	1	1	1	1	1	1	1	1	1	1	1	1	1	1	1	1	1	1	1	1	1	1	1	1	1	1	1	1	1	1	1	1	1	1	1	1	1	1	1	1	1	1	1	1	1	1	1	1	1	1	1	1	1	1	1	1	1	1	1	1	1	1	1	1	1	1	1	1	1	1
0	0.466493	0.818768	0.955151	0.991237	0.998577	0.999801	0.999975	0.999997	1	1	1	1	1	1	1	1	1	1	1	1	1	1	1	1	1	1	1	1	1	1	1	1	1	1	1	1	1	1	1	1	1	1	1	1	1	1	1	1	1	1	1	1	1	1	1	1	1	1	1	1	1	1	1	1	1	1	1	1	1	1	1	1	1	1	1	1	1	1	1	1	1	1	1	1	1	1	1	1	1	1	1	1	1	1	1	1	1	1	1
0	0.461896	0.81523	0.953755	0.990861	0.998499	0.999788	0.999974	0.999997	1	1	1	1	1	1	1	1	1	1	1	1	1	1	1	1	1	1	1	1	1	1	1	1	1	1	1	1	1	1	1	1	1	1	1	1	1	1	1	1	1	1	1	1	1	1	1	1	1	1	1	1	1	1	1	1	1	1	1	1	1	1	1	1	1	1	1	1	1	1	1	1	1	1	1	1	1	1	1	1	1	1	1	1	1	1	1	1	1	1	1
0	0.457345	0.811682	0.952338	0.990474	0.998418	0.999774	0.999972	0.999997	1	1	1	1	1	1	1	1	1	1	1	1	1	1	1	1	1	1	1	1	1	1	1	1	1	1	1	1	1	1	1	1	1	1	1	1	1	1	1	1	1	1	1	1	1	1	1	1	1	1	1	1	1	1	1	1	1	1	1	1	1	1	1	1	1	1	1	1	1	1	1	1	1	1	1	1	1	1	1	1	1	1	1	1	1	1	1	1	1	1	1
0	0.452838	0.808125	0.9509	0.990077	0.998334	0.999759	0.999969	0.999996	1	1	1	1	1	1	1	1	1	1	1	1	1	1	1	1	1	1	1	1	1	1	1	1	1	1	1	1	1	1	1	1	1	1	1	1	1	1	1	1	1	1	1	1	1	1	1	1	1	1	1	1	1	1	1	1	1	1	1	1	1	1	1	1	1	1	1	1	1	1	1	1	1	1	1	1	1	1	1	1	1	1	1	1	1	1	1	1	1	1	1
0	0.448376	0.804559	0.949441	0.98967	0.998247	0.999744	0.999967	0.999996	1	1	1	1	1	1	1	1	1	1	1	1	1	1	1	1	1	1	1	1	1	1	1	1	1	1	1	1	1	1	1	1	1	1	1	1	1	1	1	1	1	1	1	1	1	1	1	1	1	1	1	1	1	1	1	1	1	1	1	1	1	1	1	1	1	1	1	1	1	1	1	1	1	1	1	1	1	1	1	1	1	1	1	1	1	1	1	1	1	1	1
0	0.443958	0.800985	0.947961	0.989252	0.998156	0.999728	0.999965	0.999996	1	1	1	1	1	1	1	1	1	1	1	1	1	1	1	1	1	1	1	1	1	1	1	1	1	1	1	1	1	1	1	1	1	1	1	1	1	1	1	1	1	1	1	1	1	1	1	1	1	1	1	1	1	1	1	1	1	1	1	1	1	1	1	1	1	1	1	1	1	1	1	1	1	1	1	1	1	1	1	1	1	1	1	1	1	1	1	1	1	1	1
0	0.439583	0.797403	0.946461	0.988823	0.998062	0.999711	0.999962	0.999996	0.999999	1	1	1	1	1	1	1	1	1	1	1	1	1	1	1	1	1	1	1	1	1	1	1	1	1	1	1	1	1	1	1	1	1	1	1	1	1	1	1	1	1	1	1	1	1	1	1	1	1	1	1	1	1	1	1	1	1	1	1	1	1	1	1	1	1	1	1	1	1	1	1	1	1	1	1	1	1	1	1	1	1	1	1	1	1	1	1	1	1	1
0	0.435251	0.793814	0.944939	0.988383	0.997964	0.999693	0.999959	0.999995	0.999999	1	1	1	1	1	1	1	1	1	1	1	1	1	1	1	1	1	1	1	1	1	1	1	1	1	1	1	1	1	1	1	1	1	1	1	1	1	1	1	1	1	1	1	1	1	1	1	1	1	1	1	1	1	1	1	1	1	1	1	1	1	1	1	1	1	1	1	1	1	1	1	1	1	1	1	1	1	1	1	1	1	1	1	1	1	1	1	1	1	1
0	0.430963	0.790219	0.943397	0.987932	0.997863	0.999675	0.999956	0.999995	0.999999	1	1	1	1	1	1	1	1	1	1	1	1	1	1	1	1	1	1	1	1	1	1	1	1	1	1	1	1	1	1	1	1	1	1	1	1	1	1	1	1	1	1	1	1	1	1	1	1	1	1	1	1	1	1	1	1	1	1	1	1	1	1	1	1	1	1	1	1	1	1	1	1	1	1	1	1	1	1	1	1	1	1	1	1	1	1	1	1	1	1
0	0.426716	0.786617	0.941835	0.98747	0.997758	0.999655	0.999953	0.999994	0.999999	0.999999	0.999999	0.999999	0.999999	0.999999	0.999999	0.999999	0.999999	0.999999	0.999999	0.999999	0.999999	0.999999	0.999999	0.999999	0.999999	0.999999	0.999999	0.999999	0.999999	0.999999	0.999999	0.999999	0.999999	0.999999	0.999999	0.999999	0.999999	0.999999	0.999999	0.999999	0.999999	0.999999	0.999999	0.999999	0.999999	0.999999	0.999999	0.999999	0.999999	0.999999	0.999999	0.999999	0.999999	0.999999	0.999999	0.999999	0.999999	0.999999	0.999999	0.999999	0.999999	0.999999	0.999999	0.999999	0.999999	0.999999	0.999999	0.999999	0.999999	0.999999	0.999999	0.999999	0.999999	0.999999	0.999999	0.999999	0.999999	0.999999	0.999999	0.999999	0.999999	0.999999	0.999999	0.999999	0.999999	0.999999	0.999999	0.999999	0.999999	0.999999	0.999999	0.999999	0.999999	0.999999	0.999999	0.999999	0.999999	0.999999	0.999999
0	0.422511	0.783008	0.940252	0.986996	0.997649	0.999634	0.999949	0.999992	0.999998	0.999998	0.999998	0.999998	0.999998	0.999998	0.999998	0.999998	0.999998	0.999998	0.999998	0.999998	0.999998	0.999998	0.999998	0.999998	0.999998	0.999998	0.999998	0.999998	0.999998	0.999998	0.999998	0.999998	0.999998	0.999998	0.999998	0.999998	0.999998	0.999998	0.999998	0.999998	0.999998	0.999998	0.999998	0.999998	0.999998	0.999998	0.999998	0.999998	0.999998	0.999998	0.999998	0.999998	0.999998	0.999998	0.999998	0.999998	0.999998	0.999998	0.999998	0.999998	0.999998	0.999998	0.999998	0.999998	0.999998	0.999998	0.999998	0.999998	0.999998	0.999998	0.999998	0.999998	0.999998	0.999998	0.999998	0.999998	0.999998	0.999998	0.999998	0.999998	0.999998	0.999998	0.999998	0.999998	0.999998	0.999998	0.999998	0.999998	0.999998	0.999998	0.999998	0.999998	0.999998	0.999998	0.999998	0.999998	0.999998	0.999998	0.999998
0	0.418346	0.779393	0.938647	0.986509	0.997533	0.999609	0.999942	0.999989	0.999994	0.999995	0.999995	0.999995	0.999995	0.999995	0.999995	0.999995	0.999995	0.999995	0.999995	0.999995	0.999995	0.999995	0.999995	0.999995	0.999995	0.999995	0.999995	0.999995	0.999995	0.999995	0.999995	0.999995	0.999995	0.999995	0.999995	0.999995	0.999995	0.999995	0.999995	0.999995	0.999995	0.999995	0.999995	0.999995	0.999995	0.999995	0.999995	0.999995	0.999995	0.999995	0.999995	0.999995	0.999995	0.999995	0.999995	0.999995	0.999995	0.999995	0.999995	0.999995	0.999995	0.999995	0.999995	0.999995	0.999995	0.999995	0.999995	0.999995	0.999995	0.999995	0.999995	0.999995	0.999995	0.999995	0.999995	0.999995	0.999995	0.999995	0.999995	0.999995	0.999995	0.999995	0.999995	0.999995	0.999995	0.999995	0.999995	0.999995	0.999995	0.999995	0.999995	0.999995	0.999995	0.999995	0.999995	0.999995	0.999995	0.999995	0.999995
0	0.41422	0.775769	0.937015	0.986003	0.997407	0.999577	0.999928	0.999978	0.999984	0.999985	0.999985	0.999985	0.999985	0.999985	0.999985	0.999985	0.999985	0.999985	0.999985	0.999985	0.999985	0.999985	0.999985	0.999985	0.999985	0.999985	0.999985	0.999985	0.999985	0.999985	0.999985	0.999985	0.999985	0.999985	0.999985	0.999985	0.999985	0.999985	0.999985	0.999985	0.999985	0.999985	0.999985	0.999985	0.999985	0.999985	0.999985	0.999985	0.999985	0.999985	0.999985	0.999985	0.999985	0.999985	0.999985	0.999985	0.999985	0.999985	0.999985	0.999985	0.999985	0.999985	0.999985	0.999985	0.999985	0.999985	0.999985	0.999985	0.999985	0.999985	0.999985	0.999985	0.999985	0.999985	0.999985	0.999985	0.999985	0.999985	0.999985	0.999985	0.999985	0.999985	0.999985	0.999985	0.999985	0.999985	0.999985	0.999985	0.999985	0.999985	0.999985	0.999985	0.999985	0.999985	0.999985	0.999985	0.999985	0.999985	0.999985
0	0.410128	0.772125	0.935346	0.985467	0.997258	0.999524	0.999894	0.999947	0.999954	0.999955	0.999955	0.999955	0.999955	0.999955	0.999955	0.999955	0.999955	0.999955	0.999955	0.999955	0.999955	0.999955	0.999955	0.999955	0.999955	0.999955	0.999955	0.999955	0.999955	0.999955	0.999955	0.999955	0.999955	0.999955	0.999955	0.999955	0.999955	0.999955	0.999955	0.999955	0.999955	0.999955	0.999955	0.999955	0.999955	0.999955	0.999955	0.999955	0.999955	0.999955	0.999955	0.999955	0.999955	0.999955	0.999955	0.999955	0.999955	0.999955	0.999955	0.999955	0.999955	0.999955	0.999955	0.999955	0.999955	0.999955	0.999955	0.999955	0.999955	0.999955	0.999955	0.999955	0.999955	0.999955	0.999955	0.999955	0.999955	0.999955	0.999955	0.999955	0.999955	0.999955	0.999955	0.999955	0.999955	0.999955	0.999955	0.999955	0.999955	0.999955	0.999955	0.999955	0.999955	0.999955	0.999955	0.999955	0.999955	0.999955	0.999955
0	0.406055	0.768434	0.933602	0.984859	0.997042	0.999408	0.999798	0.999855	0.999862	0.999863	0.999863	0.999863	0.999863	0.999863	0.999863	0.999863	0.999863	0.999863	0.999863	0.999863	0.999863	0.999863	0.999863	0.999863	0.999863	0.999863	0.999863	0.999863	0.999863	0.999863	0.999863	0.999863	0.999863	0.999863	0.999863	0.999863	0.999863	0.999863	0.999863	0.999863	0.999863	0.999863	0.999863	0.999863	0.999863	0.999863	0.999863	0.999863	0.999863	0.999863	0.999863	0.999863	0.999863	0.999863	0.999863	0.999863	0.999863	0.999863	0.999863	0.999863	0.999863	0.999863	0.999863	0.999863	0.999863	0.999863	0.999863	0.999863	0.999863	0.999863	0.999863	0.999863	0.999863	0.999863	0.999863	0.999863	0.999863	0.999863	0.999863	0.999863	0.999863	0.999863	0.999863	0.999863	0.999863	0.999863	0.999863	0.999863	0.999863	0.999863	0.999863	0.999863	0.999863	0.999863	0.999863	0.999863	0.999863	0.999863	0.999863
0	0.401955	0.764604	0.931667	0.984057	0.996637	0.999104	0.999515	0.999575	0.999583	0.999584	0.999584	0.999584	0.999584	0.999584	0.999584	0.999584	0.999584	0.999584	0.999584	0.999584	0.999584	0.999584	0.999584	0.999584	0.999584	0.999584	0.999584	0.999584	0.999584	0.999584	0.999584	0.999584	0.999584	0.999584	0.999584	0.999584	0.999584	0.999584	0.999584	0.999584	0.999584	0.999584	0.999584	0.999584	0.999584	0.999584	0.999584	0.999584	0.999584	0.999584	0.999584	0.999584	0.999584	0.999584	0.999584	0.999584	0.999584	0.999584	0.999584	0.999584	0.999584	0.999584	0.999584	0.999584	0.999584	0.999584	0.999584	0.999584	0.999584	0.999584	0.999584	0.999584	0.999584	0.999584	0.999584	0.999584	0.999584	0.999584	0.999584	0.999584	0.999584	0.999584	0.999584	0.999584	0.999584	0.999584	0.999584	0.999584	0.999584	0.999584	0.999584	0.999584	0.999584	0.999584	0.999584	0.999584	0.999584	0.999584	0.999584
0	0.397691	0.760361	0.929195	0.982686	0.99566	0.998229	0.998662	0.998726	0.998734	0.998735	0.998735	0.998735	0.998735	0.998735	0.998735	0.998735	0.998735	0.998735	0.998735	0.998735	0.998735	0.998735	0.998735	0.998735	0.998735	0.998735	0.998735	0.998735	0.998735	0.998735	0.998735	0.998735	0.998735	0.998735	0.998735	0.998735	0.998735	0.998735	0.998735	0.998735	0.998735	0.998735	0.998735	0.998735	0.998735	0.998735	0.998735	0.998735	0.998735	0.998735	0.998735	0.998735	0.998735	0.998735	0.998735	0.998735	0.998735	0.998735	0.998735	0.998735	0.998735	0.998735	0.998735	0.998735	0.998735	0.998735	0.998735	0.998735	0.998735	0.998735	0.998735	0.998735	0.998735	0.998735	0.998735	0.998735	0.998735	0.998735	0.998735	0.998735	0.998735	0.998735	0.998735	0.998735	0.998735	0.998735	0.998735	0.998735	0.998735	0.998735	0.998735	0.998735	0.998735	0.998735	0.998735	0.998735	0.998735	0.998735	0.998735
0	0.392842	0.754859	0.925123	0.97961	0.992955	0.995623	0.996076	0.996144	0.996152	0.996154	0.996154	0.996154	0.996154	0.996154	0.996154	0.996154	0.996154	0.996154	0.996154	0.996154	0.996154	0.996154	0.996154	0.996154	0.996154	0.996154	0.996154	0.996154	0.996154	0.996154	0.996154	0.996154	0.996154	0.996154	0.996154	0.996154	0.996154	0.996154	0.996154	0.996154	0.996154	0.996154	0.996154	0.996154	0.996154	0.996154	0.996154	0.996154	0.996154	0.996154	0.996154	0.996154	0.996154	0.996154	0.996154	0.996154	0.996154	0.996154	0.996154	0.996154	0.996154	0.996154	0.996154	0.996154	0.996154	0.996154	0.996154	0.996154	0.996154	0.996154	0.996154	0.996154	0.996154	0.996154	0.996154	0.996154	0.996154	0.996154	0.996154	0.996154	0.996154	0.996154	0.996154	0.996154	0.996154	0.996154	0.996154	0.996154	0.996154	0.996154	0.996154	0.996154	0.996154	0.996154	0.996154	0.996154	0.996154	0.996154	0.996154
0	0.386113	0.745518	0.916217	0.971366	0.985	0.987751	0.988222	0.988293	0.988303	0.988304	0.988304	0.988304	0.988304	0.988304	0.988304	0.988304	0.988304	0.988304	0.988304	0.988304	0.988304	0.988304	0.988304	0.988304	0.988304	0.988304	0.988304	0.988304	0.988304	0.988304	0.988304	0.988304	0.988304	0.988304	0.988304	0.988304	0.988304	0.988304	0.988304	0.988304	0.988304	0.988304	0.988304	0.988304	0.988304	0.988304	0.988304	0.988304	0.988304	0.988304	0.988304	0.988304	0.988304	0.988304	0.988304	0.988304	0.988304	0.988304	0.988304	0.988304	0.988304	0.988304	0.988304	0.988304	0.988304	0.988304	0.988304	0.988304	0.988304	0.988304	0.988304	0.988304	0.988304	0.988304	0.988304	0.988304	0.988304	0.988304	0.988304	0.988304	0.988304	0.988304	0.988304	0.988304	0.988304	0.988304	0.988304	0.988304	0.988304	0.988304	0.988304	0.988304	0.988304	0.988304	0.988304	0.988304	0.988304	0.988304	0.988304
0	0.373532	0.724447	0.892616	0.947425	0.96109	0.96387	0.964351	0.964423	0.964433	0.964434	0.964434	0.964434	0.964434	0.964434	0.964434	0.964434	0.964434	0.964434	0.964434	0.964434	0.964434	0.964434	0.964434	0.964434	0.964434	0.964434	0.964434	0.964434	0.964434	0.964434	0.964434	0.964434	0.964434	0.964434	0.964434	0.964434	0.964434	0.964434	0.964434	0.964434	0.964434	0.964434	0.964434	0.964434	0.964434	0.964434	0.964434	0.964434	0.964434	0.964434	0.964434	0.964434	0.964434	0.964434	0.964434	0.964434	0.964434	0.964434	0.964434	0.964434	0.964434	0.964434	0.964434	0.964434	0.964434	0.964434	0.964434	0.964434	0.964434	0.964434	0.964434	0.964434	0.964434	0.964434	0.964434	0.964434	0.964434	0.964434	0.964434	0.964434	0.964434	0.964434	0.964434	0.964434	0.964434	0.964434	0.964434	0.964434	0.964434	0.964434	0.964434	0.964434	0.964434	0.964434	0.964434	0.964434	0.964434	0.964434	0.964434
0	0.342897	0.667535	0.824283	0.875743	0.888664	0.89131	0.891771	0.891841	0.89185	0.891852	0.891852	0.891852	0.891852	0.891852	0.891852	0.891852	0.891852	0.891852	0.891852	0.891852	0.891852	0.891852	0.891852	0.891852	0.891852	0.891852	0.891852	0.891852	0.891852	0.891852	0.891852	0.891852	0.891852	0.891852	0.891852	0.891852	0.891852	0.891852	0.891852	0.891852	0.891852	0.891852	0.891852	0.891852	0.891852	0.891852	0.891852	0.891852	0.891852	0.891852	0.891852	0.891852	0.891852	0.891852	0.891852	0.891852	0.891852	0.891852	0.891852	0.891852	0.891852	0.891852	0.891852	0.891852	0.891852	0.891852	0.891852	0.891852	0.891852	0.891852	0.891852	0.891852	0.891852	0.891852	0.891852	0.891852	0.891852	0.891852	0.891852	0.891852	0.891852	0.891852	0.891852	0.891852	0.891852	0.891852	0.891852	0.891852	0.891852	0.891852	0.891852	0.891852	0.891852	0.891852	0.891852	0.891852	0.891852	0.891852	0.891852
0	0.256742	0.501103	0.619695	0.658821	0.668692	0.670723	0.671078	0.671133	0.67114	0.671141	0.671141	0.671141	0.671141	0.671141	0.671141	0.671141	0.671141	0.671141	0.671141	0.671141	0.671141	0.671141	0.671141	0.671141	0.671141	0.671141	0.671141	0.671141	0.671141	0.671141	0.671141	0.671141	0.671141	0.671141	0.671141	0.671141	0.671141	0.671141	0.671141	0.671141	0.671141	0.671141	0.671141	0.671141	0.671141	0.671141	0.671141	0.671141	0.671141	0.671141	0.671141	0.671141	0.671141	0.671141	0.671141	0.671141	0.671141	0.671141	0.671141	0.671141	0.671141	0.671141	0.671141	0.671141	0.671141	0.671141	0.671141	0.671141	0.671141	0.671141	0.671141	0.671141	0.671141	0.671141	0.671141	0.671141	0.671141	0.671141	0.671141	0.671141	0.671141	0.671141	0.671141	0.671141	0.671141	0.671141	0.671141	0.671141	0.671141	0.671141	0.671141	0.671141	0.671141	0.671141	0.671141	0.671141	0.671141	0.671141	0.671141
0	0	0	0	0	0	0	0	0	0	0	0	0	0	0	0	0	0	0	0	0	0	0	0	0	0	0	0	0	0	0	0	0	0	0	0	0	0	0	0	0	0	0	0	0	0	0	0	0	0	0	0	0	0	0	0	0	0	0	0	0	0	0	0	0	0	0	0	0	0	0	0	0	0	0	0	0	0	0	0	0	0	0	0	0	0	0	0	0	0	0	0	0	0	0	0	0	0	0	0
